{
  "title": "Basic & Operative Gynecology - Dr. Nadine",
  "questions": [
    {
      "stem": "Regarding the round ligament, choose the best answer:",
      "options": [
        "It is posterior to the uterus.",
        "It supports the fundus of the uterus.",
        "It is a vestigial structure.",
        "It passes through the inguinal canal.",
        "It contains the neuromuscular bundle supplying the ovary."
      ],
      "correct": 3
    },
    {
      "stem": "Which of the following ligaments is responsible for uterine anteverted position:",
      "options": [
        "Ovarian ligament.",
        "Round ligament.",
        "Mackenrodt's ligament.",
        "Broad ligament.",
        "Infundibulo-pelvic ligament."
      ],
      "correct": 1
    },
    {
      "stem": "You are performing an outpatient hysteroscopy while investigating postmenopausal bleeding. What is the most common cause of failure to obtain a good view of the cavity?",
      "options": [
        "Difficult entry.",
        "Failure to distend the uterus.",
        "Faulty equipment.",
        "Excessive bleeding.",
        "Inefficient cervical preparation."
      ],
      "correct": 0
    },
    {
      "stem": "You have performed a vaginal hysterectomy for a 60-year-old woman. There was some difficulty dissecting the bladder. At the end of the surgery, there was clear urine in the drainage catheter. Two weeks later, the patient came complaining of continuous leaking of urine vaginally. O/E and methylene blue test, you noticed a vesicovaginal fistula of <5 mm diameter. What is your first-line management?",
      "options": [
        "Advise her to use vaginal tampons and return for surgical repair after three months.",
        "Check if she has a urinary infection.",
        "Insert a suprapubic catheter to see if the patient remains dry.",
        "Insert a Foley catheter for three to four weeks and review in four weeks.",
        "Insert a Foley catheter for life."
      ],
      "correct": 3
    },
    {
      "stem": "A patient who had a total hysterectomy is referred to ER because of a surgical site wound infection (SSI). She was threatening to sue the hospital because she thinks it is due to acquired hospital infection. Most common cause of SSI?",
      "options": [
        "Contamination by micro-organisms from the patient's own body.",
        "Contamination from the operating theatre environment.",
        "Contamination from the surgeon's gloves.",
        "Contamination from the swabs.",
        "Contamination from surgical sutures."
      ],
      "correct": 0
    },
    {
      "stem": "You were asked to perform a total abdominal hysterectomy because of a large right broad ligament fibroid. What is the best way to avoid ureteric injury?",
      "options": [
        "Ask a urological surgeon to assist you to help prevent injury.",
        "Dissection and visualization of the ureter.",
        "Intraoperative insertion of a ureteric catheter to identify the ureter.",
        "Intraoperative insertion of illuminating ureteric catheters.",
        "Preoperative intravenous urography to identify the course of the ureter."
      ],
      "correct": 1
    },
    {
      "stem": "A 21-year-old young woman is booked for diagnostic laparoscopy for chronic pelvic pain. Her BMI is 19. Her highest risk of complication is:",
      "options": [
        "Intestinal Injury.",
        "Splenic injury.",
        "Bladder injury.",
        "Vascular injury.",
        "Hernia formation."
      ],
      "correct": 3
    },
    {
      "stem": "A 64-year-old lady is having ovarian debulking surgery. The disadvantages of her having a midline incision are as follows:",
      "options": [
        "Median incision is more hemorrhagic.",
        "There are major nerve damages.",
        "The abdomen and pelvis can be entered rapidly.",
        "Wound dehiscence risk is higher.",
        "She will have better cosmetic result."
      ],
      "correct": 3
    },
    {
      "stem": "A 38-year-old woman underwent TAH with ovarian preservation for heavy menstrual bleeding yesterday, now she is pale with BP: 110/68, pulse: 88, T: 36.8. her abdomen is soft, but there is considerable tenderness in the left lower quadrant. her urine output since surgery has been 350ml. Patient was very dizzy and light headed, and vomited when she was taken out of bed that morning. the most appropriate management:",
      "options": [
        "Ensures the patient has adequate analgesics and prescribe extra IV fluids and antiemetic.",
        "Takes a urine sample and start IV antibiotics.",
        "Arranges for CBC and ask for review by your consultant.",
        "Explain that the patient does not require HRT and review her that afternoon.",
        "Perform immediate exploratory laparotomy."
      ],
      "correct": 2
    },
    {
      "stem": "Which of the following ligaments is responsible for uterine support?",
      "options": [
        "Ovarian ligament.",
        "Round ligament.",
        "Mackenrodt's ligament.",
        "Broad ligament.",
        "Infundibulo-pelvic ligament."
      ],
      "correct": 2
    },
    {
      "stem": "Regarding the Fallopian tube, choose the best answer:",
      "options": [
        "It is 20cm long.",
        "It has a glandular submucosa.",
        "It is independent of hormonal influence.",
        "It is lined by ciliated epithelium.",
        "It lies in the round ligament."
      ],
      "correct": 3
    },
    {
      "stem": "The Wolffian duct in the female:",
      "options": [
        "Develops into the fallopian tube.",
        "Forms the ovary.",
        "Forms the round ligament.",
        "Regresses and becomes vestigial.",
        "None of the above."
      ],
      "correct": 3
    },
    {
      "stem": "Main uterine support is:",
      "options": [
        "Uterosacral ligaments.",
        "Round ligaments.",
        "Transverse cervical ligaments.",
        "Ovarian ligaments.",
        "Broad ligaments."
      ],
      "correct": 2
    },
    {
      "stem": "Which one of the following has no role in pelvic support of the uterus:",
      "options": [
        "Utero-sacral ligament.",
        "Mackenrodt ligament.",
        "Pubocervical ligament.",
        "Infundibulo-pelvic ligament.",
        "Anteverted uterine position."
      ],
      "correct": 3
    },
    {
      "stem": "The primary drainage of the lower vagina is to:",
      "options": [
        "External iliac nodes.",
        "Sacral nodes.",
        "Femoral nodes.",
        "Superficial inguinal nodes.",
        "Internal iliac nodes."
      ],
      "correct": 3
    },
    {
      "stem": "Complications of laparoscopy include:",
      "options": [
        "Fluid overload with pulmonary edema.",
        "Cervical incompetence.",
        "Intrauterine synechia.",
        "Uterine perforation.",
        "Injury of a major abdominal vessel."
      ],
      "correct": 4
    },
    {
      "stem": "Operative hysteroscopy is the best therapeutic approach for:",
      "options": [
        "Isthmic incompetence.",
        "Unicornuate uterus.",
        "Bicornuate uterus.",
        "Septate uterus.",
        "Transverse vaginal septum."
      ],
      "correct": 3
    },
    {
      "stem": "A mother brings her 9-year-old girl for circumcision. How can you counsel the mother?",
      "options": [
        "Procedure could be done at this age.",
        "Decision depends on the size and shape of external genitalia.",
        "It is preferable to wait till the age of menarche.",
        "It is preferable to wait till marriage.",
        "It is considered a genital mutilation that is medicolegally forbidden."
      ],
      "correct": 4
    },
    {
      "stem": "Complications of female circumcision include all the following EXCEPT:",
      "options": [
        "Psychological trauma.",
        "Sexual frustration.",
        "Increased incidence of vulval carcinoma.",
        "Severe bleeding.",
        "Infection."
      ],
      "correct": 2
    },
    {
      "stem": "Which of the following is an indication of fractional curettage?",
      "options": [
        "Localize site of uterine malignancy.",
        "Evacuation of pregnancy.",
        "Removal of intramural fibroid.",
        "Removal of uterine septum.",
        "Treatment of pelvic inflammatory disease."
      ],
      "correct": 0
    },
    {
      "stem": "Which of the following is an indication of subtotal hysterectomy?",
      "options": [
        "Uncontrolled atonic post-partum hemorrhage.",
        "cervical fibroid.",
        "Stage I endometrial carcinoma.",
        "Non metastatic gestational choriocarcinoma.",
        "CIN III in young age."
      ],
      "correct": 0
    },
    {
      "stem": "Operative hysteroscopy is the best therapeutic approach for:",
      "options": [
        "Isthmic incompetence.",
        "Unicornuate uterus.",
        "Bicornuate uterus.",
        "Submucous fibroid polyp.",
        "Imperforate hymen."
      ],
      "correct": 3
    },
    {
      "stem": "The main support of the uterus is provided by:",
      "options": [
        "Round ligament.",
        "Cardinal ligament.",
        "Infundibulo-pelvic ligament.",
        "Integrity of the pelvis.",
        "Broad ligament."
      ],
      "correct": 1
    },
    {
      "stem": "The most important muscle of the pelvic floor is:",
      "options": [
        "Bulbo cavernosus.",
        "Ischiocavernosus.",
        "Levator ani.",
        "Deep transverse perineal muscle.",
        "Superficial transverse perineal muscle."
      ],
      "correct": 2
    },
    {
      "stem": "The main blood supply of the vulva is:",
      "options": [
        "Inferior hemorrhoidal artery.",
        "Pudendal artery.",
        "Ilioinguinal artery.",
        "Femoral artery.",
        "Inferior hypogastric artery."
      ],
      "correct": 1
    },
    {
      "stem": "While evaluating a 30-year-old woman for infertility, you diagnose a bicornuate uterus. You explain that additional testing is necessary because of the woman's increased risk of:",
      "options": [
        "Skeletal anomalies.",
        "Hematopoietic disorders.",
        "Urinary anomalies.",
        "Central nervous anomalies.",
        "Tracheoesophageal anomalies."
      ],
      "correct": 2
    },
    {
      "stem": "Bicornuate uterus can cause all the following EXCEPT:",
      "options": [
        "Abortions.",
        "Abnormal fetal lie.",
        "Infertility.",
        "Retained placenta.",
        "Congenital anomalies of the baby."
      ],
      "correct": 4
    },
    {
      "stem": "Laparoscopy is used in the diagnosis of the following EXCEPT:",
      "options": [
        "Ectopic pregnancy.",
        "Endometriosis.",
        "Ovarian cyst.",
        "Tubal patency.",
        "Submucous fibroid."
      ],
      "correct": 4
    },
    {
      "stem": "The following are advantages of laparoscopy in the diagnosis of infertility EXCEPT:",
      "options": [
        "Good evaluation of tubal factor.",
        "Diagnosis of endometriosis.",
        "Diagnosis of Asherman's syndrome.",
        "Localization of pelvic adhesions.",
        "Diagnosis of polycystic ovaries."
      ],
      "correct": 2
    },
    {
      "stem": "HSG is used to diagnose all the following EXCEPT:",
      "options": [
        "Subserous leiomyoma.",
        "Tubal obstruction.",
        "Peritubal adhesions.",
        "Ashermann syndrome.",
        "Unicornuate uterus."
      ],
      "correct": 0
    },
    {
      "stem": "Laparoscopy can be used to perform all these procedures EXCEPT:",
      "options": [
        "Ovarian cystectomy.",
        "Myomectomy.",
        "Subtotal hysterectomy.",
        "Radical hysterectomy.",
        "Simple vulvectomy."
      ],
      "correct": 4
    },
    {
      "stem": "Hysteroscopy can be used in the following gynecological procedure:",
      "options": [
        "Removal of a subserous myoma.",
        "Removal of a submucous myoma.",
        "Salpingectomy.",
        "Pelvic lymphadenectomy.",
        "Ovarian cystectomy."
      ],
      "correct": 1
    },
    {
      "stem": "All the following are complications of HSG, EXCEPT:",
      "options": [
        "Allergic reaction.",
        "Shock.",
        "Oil embolism.",
        "Infertility.",
        "Flaring up of infection."
      ],
      "correct": 3
    },
    {
      "stem": "The commonest cause of pelvi-abdominal swellings in childbearing women is:",
      "options": [
        "Subserous myoma.",
        "Mucinous cystadenoma.",
        "Pregnancy.",
        "Vesicular mole.",
        "Obesity."
      ],
      "correct": 2
    },
    {
      "stem": "Postoperative reactionary hemorrhage after vaginal operation:",
      "options": [
        "Is hemorrhage occurring during the operation.",
        "Occurs usually on the 10th postoperative day due to sepsis.",
        "Occurs usually within 24hours after surgery.",
        "In these cases, it is recommended to avoid any sutures in the friable tissues.",
        "Intractable hemorrhage occurring intraoperative as a result of excessive dissection."
      ],
      "correct": 2
    },
    {
      "stem": "Regarding the round ligament, choose the correct statement:",
      "options": [
        "It is an embryonic remnant of Wolffian duct.",
        "It is attached to the posterior wall of the uterine fundus.",
        "It constitutes the main ligamentous support of the uterus.",
        "It is responsible for the anteverted uterine position.",
        "It contains the ovarian vessels."
      ],
      "correct": 3
    },
    {
      "stem": "Anomalies of the uterus can be associated with all the following EXCEPT:",
      "options": [
        "Urinary tract abnormalities.",
        "Recurrent pregnancy loss.",
        "Preterm labor.",
        "Malpresentations.",
        "Ovarian anomalies."
      ],
      "correct": 4
    },
    {
      "stem": "the LEAST complication seen with HSG is:",
      "options": [
        "Oil embolism.",
        "Pain with neurogenic shock.",
        "Ascending infection.",
        "Uterine perforation.",
        "Disturbance of undiagnosed pregnancy."
      ],
      "correct": 4
    },
    {
      "stem": "The least site for ureteric injury during hysterectomy is:",
      "options": [
        "During clamping infundibulo-pelvic ligament.",
        "During clamping of utero-sacral ligament.",
        "During clamping of round ligament.",
        "During clamping of vaginal angles.",
        "During parametrial dissection and lymph node removal in radical surgery."
      ],
      "correct": 2
    },
    {
      "stem": "All these ligaments are involved in uterine support EXCEPT:",
      "options": [
        "Uterosacral ligament.",
        "Pubo-cervical ligament.",
        "Broad ligament.",
        "Transverse cervical ligaments.",
        "Mackenrodt's ligament."
      ],
      "correct": 2
    },
    {
      "stem": "The lower end of vagina develops from:",
      "options": [
        "The mesonephric ducts.",
        "The urogenital sinus.",
        "The Mullerian ducts.",
        "The Wolffian ducts.",
        "The genital ridge."
      ],
      "correct": 1
    },
    {
      "stem": "Therapeutic value of hysteroscopy in infertile cases includes one of the following:",
      "options": [
        "Lysis of peritubal adhesions.",
        "Ovarian drilling.",
        "Removal of intramural cervical fibroid.",
        "Cervical cauterization.",
        "Treatment of Asherman syndrome."
      ],
      "correct": 4
    },
    {
      "stem": "Regarding embryology of female reproductive system, the following is true:",
      "options": [
        "Ovaries are developed from Wolffian ducts.",
        "Streak gonads are due to absent Mullerian duct.",
        "Fetal external genitalia are not androgen dependent.",
        "Imperforate hymen is due to aplasia of Mullerian ducts.",
        "Septate uterus is due to failed fusion of Mullerian ducts."
      ],
      "correct": 4
    },
    {
      "stem": "The broad ligament contains all the following structures EXCEPT:",
      "options": [
        "Uterine vessels.",
        "Parametrial lymphatics.",
        "Ureters.",
        "Sympathetic and parasympathetic nerves.",
        "Ovarian vessels."
      ],
      "correct": 4
    },
    {
      "stem": "The lymphatic drainage of the cervix includes:",
      "options": [
        "Internal iliac lymph nodes.",
        "Para-aortic lymph nodes.",
        "Pre-sacral lymph nodes.",
        "Obturator lymph nodes.",
        "All of the above."
      ],
      "correct": 4
    },
    {
      "stem": "The following pathology is due to remnants of the Wolffian ducts in females:",
      "options": [
        "Dermoid cyst.",
        "Sebaceous cyst.",
        "Bartholin cyst.",
        "Hydatid cyst of Morgagni.",
        "Endometriotic cyst."
      ],
      "correct": 3
    },
    {
      "stem": "In the female pelvis, the ureter forms an important relation with the ovaries and lies:",
      "options": [
        "Anterior to ovary.",
        "Inferior to ovary.",
        "Medial to ovary.",
        "Lateral to ovary.",
        "Posterior to ovary."
      ],
      "correct": 4
    },
    {
      "stem": "Ovarian artery is a branch of which artery:",
      "options": [
        "Renal artery.",
        "Anterior branch of internal iliac artery.",
        "Inferior epigastric artery.",
        "Abdominal aorta.",
        "External iliac artery."
      ],
      "correct": 3
    },
    {
      "stem": "You are describing the normal ovaries to a fellow student. Which of the following characteristics of the normal ovary is correct:",
      "options": [
        "They normally remain constant in size throughout a woman's lifetime.",
        "They are supported by the round ligaments.",
        "They secrete hormones and store germ cells.",
        "They are immobile.",
        "They are 1x2x3 inches in diameter."
      ],
      "correct": 2
    },
    {
      "stem": "All the following are true EXCEPT:",
      "options": [
        "Urogenital sinus develops into the lower portion of the vagina.",
        "Genital tubercle forms the upper portion of the vagina.",
        "Genital folds develop into the labia minora.",
        "Genital ridge forms the ovary.",
        "Genital swelling develops into the labia majora."
      ],
      "correct": 1
    },
    {
      "stem": "The internal pudendal artery is a branch of:",
      "options": [
        "Femoral artery.",
        "External iliac artery.",
        "Internal iliac artery.",
        "Common iliac artery.",
        "Superficial pudendal artery."
      ],
      "correct": 2
    },
    {
      "stem": "The following is hormone relevant to the embryogenesis of the external genitalia:",
      "options": [
        "Androgen.",
        "Thyroxine.",
        "Estrogen.",
        "HCG.",
        "Progesterone."
      ],
      "correct": 0
    },
    {
      "stem": "One of the following is a part of the cervical ligaments:",
      "options": [
        "Ovarian ligament.",
        "Round ligament.",
        "Mackenrodt's ligament.",
        "Broad ligament.",
        "Infundibulo-pelvic ligament."
      ],
      "correct": 2
    },
    {
      "stem": "Infundibulopelvic ligament contains one of the following structures:",
      "options": [
        "Uterine vessels.",
        "Ovarian vessels.",
        "Parametrial lymphatics.",
        "Ureters.",
        "Sympathetic and parasympathetic nerves."
      ],
      "correct": 1
    },
    {
      "stem": "Regarding the infundibulum of the fallopian tube:",
      "options": [
        "It is the widest portion of the tube.",
        "It opens in the peritoneal cavity.",
        "It measures 5 cm long.",
        "It pierces the uterine wall.",
        "It has no peritoneal covering."
      ],
      "correct": 1
    },
    {
      "stem": "Aplasia of the fallopian tube is associated with:",
      "options": [
        "Tubal diverticulum.",
        "Absence of the upper 34th of the vagina.",
        "Absence of the ipsi-lateral ovary.",
        "Ectopic pregnancy.",
        "Recurrent pregnancy loss."
      ],
      "correct": 1
    },
    {
      "stem": "Pelvic ultrasound is a useful tool in diagnosing of all the following conditions EXCEPT:",
      "options": [
        "Adenomyosis.",
        "Uterine leiomyoma.",
        "Uterine septum.",
        "Ovarian cysts.",
        "Cervicitis."
      ],
      "correct": 4
    },
    {
      "stem": "TVS is preferable to TAS in diagnosis of all the following clinical conditions EXCEPT:",
      "options": [
        "Endometrial assessment.",
        "Monitoring ovulation.",
        "Uterine septum.",
        "Ascites.",
        "Ectopic pregnancy."
      ],
      "correct": 3
    },
    {
      "stem": "MRI may be used for the diagnosis of all the following EXCEPT:",
      "options": [
        "Differentiating ovarian tumors.",
        "Evaluation of uterine fibroids to identify the size, numbers and location of the fibroids.",
        "Monitoring ovulation.",
        "Differentiate between adenomyosis and uterine leiomyoma.",
        "Diagnosis of uterine sarcoma."
      ],
      "correct": 2
    },
    {
      "stem": "All the following risks can commonly occur with diagnostic hysteroscopy EXCEPT:",
      "options": [
        "Failure to visualize the cavity.",
        "Injury of the bladder.",
        "Pelvic infection.",
        "Electrolyte disturbance.",
        "Vaginal bleeding."
      ],
      "correct": 1
    },
    {
      "stem": "The following maneuver decreases the risk of uterine perforation before D&C:",
      "options": [
        "Uterine sounding.",
        "Uterine dilatation.",
        "Filling the bladder.",
        "Bimanual examination.",
        "Transvaginal sonography."
      ],
      "correct": 3
    },
    {
      "stem": "The instrument used to assess the direction and length of the uterine cavity is:",
      "options": [
        "Hegar dilator.",
        "Cusco speculum.",
        "Foley's catheter.",
        "Sound.",
        "Curette."
      ],
      "correct": 3
    },
    {
      "stem": "The levator ani muscle:",
      "options": [
        "Is a voluntary muscle.",
        "Is attached laterally to the white line of the pelvis.",
        "Is composed of pubococcygeus and iliococcygeus muscles.",
        "Contracts to prevent spillage of urine during strain.",
        "All of the above."
      ],
      "correct": 4
    },
    {
      "stem": "The following is an advantage of vaginal hysterectomy over abdominal hysterectomy:",
      "options": [
        "More suitable for cases with suspected marked pelvic adhesions.",
        "Ovaries could be removed safely as in abdominal hysterectomy.",
        "Lower incidence of bladder and ureteric injury.",
        "Lower incidence of intestinal complications and peritonitis.",
        "Less incidence of vault prolapse."
      ],
      "correct": 3
    },
    {
      "stem": "What is the most serious complication specific to hysteroscopy:",
      "options": [
        "Fluid overload.",
        "Uterine perforation.",
        "Injury of a major pelvic vessel.",
        "Bowel injury.",
        "Surgical emphysema."
      ],
      "correct": 0
    },
    {
      "stem": "The following pathologies is due to remnants of Wolffian ducts in females:",
      "options": [
        "Dermoid cyst.",
        "Sebaceous cyst.",
        "Bartholin cyst.",
        "Endometriotic cyst.",
        "Gartner cyst."
      ],
      "correct": 4
    },
    {
      "stem": "Rectal examination in gynecology has all the following uses EXCEPT:",
      "options": [
        "Pelvic examination in virgins.",
        "Cases with atrophic vaginitis.",
        "Cases with cancer cervix.",
        "Cases with old complete perineal tear.",
        "Differentiates rectocele from enterocele."
      ],
      "correct": 1
    },
    {
      "stem": "The uterine artery arises from which of the following?",
      "options": [
        "Aorta.",
        "Ovarian artery.",
        "Common iliac artery.",
        "Internal iliac artery.",
        "External iliac artery."
      ],
      "correct": 3
    },
    {
      "stem": "Therapeutic uses of laparoscopy include:",
      "options": [
        "Lysis of intrauterine adhesions.",
        "Ovarian cystectomy.",
        "Removal of submucous fibroid.",
        "Surgical treatment of cervical ectopic pregnancy.",
        "Commonly used in ovum pick up in assisted reproduction."
      ],
      "correct": 1
    },
    {
      "stem": "HSG is contraindicated in all the following conditions, EXCEPT:",
      "options": [
        "Suspicious pregnancy.",
        "PID.",
        "Congenital malformation of the uterus.",
        "Presence of abnormal uterine bleeding.",
        "Uterine malignancy."
      ],
      "correct": 2
    },
    {
      "stem": "Regarding female circumcision:",
      "options": [
        "It helps to decrease sexual desire in conservative communities.",
        "It decreases sexual satisfaction.",
        "It improves genital hygiene.",
        "It has the same value of male circumcision.",
        "It can be done in the neonatal period"
      ],
      "correct": 1
    },
    {
      "stem": "Diagnosis of Turner syndrome.",
      "options": [
        "Hysterosalpingography.",
        "Hysteroscopy.",
        "Laparoscopy.",
        "Colposcopy.",
        "Dilatation and curettage.",
        "None of the above."
      ],
      "correct": 5
    },
    {
      "stem": "Diagnosis of pelvic endometriosis.",
      "options": [
        "Hysterosalpingography.",
        "Hysteroscopy.",
        "Laparoscopy.",
        "Colposcopy.",
        "Dilatation and curettage.",
        "None of the above."
      ],
      "correct": 2
    },
    {
      "stem": "Diagnosis of submucous fibroid polyp.",
      "options": [
        "Hysterosalpingography.",
        "Hysteroscopy.",
        "Laparoscopy.",
        "Colposcopy.",
        "Dilatation and curettage.",
        "None of the above."
      ],
      "correct": 1
    },
    {
      "stem": "Diagnosis of Asherman syndrome.",
      "options": [
        "Hysterosalpingography.",
        "Hysteroscopy.",
        "Laparoscopy.",
        "Colposcopy.",
        "Dilatation and curettage.",
        "None of the above."
      ],
      "correct": 1
    },
    {
      "stem": "Diagnosis of invasive cancer cervix.",
      "options": [
        "Hysterosalpingography.",
        "Hysteroscopy.",
        "Laparoscopy.",
        "Colposcopy.",
        "Dilatation and curettage.",
        "None of the above."
      ],
      "correct": 5
    },
    {
      "stem": "Contained in the infundibulopelvic ligament.",
      "options": [
        "Internal iliac artery.",
        "Uterine artery.",
        "Ovaries.",
        "Pudendal artery.",
        "Aorta.",
        "Ovarian artery."
      ],
      "correct": 5
    },
    {
      "stem": "The origin of the uterine artery.",
      "options": [
        "Internal iliac artery.",
        "Uterine artery.",
        "Ovaries.",
        "Pudendal artery.",
        "Aorta.",
        "Ovarian artery."
      ],
      "correct": 0
    },
    {
      "stem": "Should always be removed at hysterectomy to cure endometriosis.",
      "options": [
        "Internal iliac artery.",
        "Uterine artery.",
        "Ovaries.",
        "Pudendal artery.",
        "Aorta.",
        "Ovarian artery."
      ],
      "correct": 2
    },
    {
      "stem": "The ureter is at surgical risk where it runs close to this structure.",
      "options": [
        "Internal iliac artery.",
        "Uterine artery.",
        "Ovaries.",
        "Pudendal artery.",
        "Aorta.",
        "Ovarian artery."
      ],
      "correct": 1
    },
    {
      "stem": "Develops into the uterus, cervix and proximal 2/3 of the vagina.",
      "options": [
        "Mesonephric ducts.",
        "Paramesonephric ducts.",
        "Sinovaginal bulbs.",
        "Genital tubercle.",
        "Genital folds.",
        "Genital swelling.",
        "Genital ridge."
      ],
      "correct": 1
    },
    {
      "stem": "Forms the ovary.",
      "options": [
        "Mesonephric ducts.",
        "Paramesonephric ducts.",
        "Sinovaginal bulbs.",
        "Genital tubercle.",
        "Genital folds.",
        "Genital swelling.",
        "Genital ridge."
      ],
      "correct": 6
    },
    {
      "stem": "Develops into the distal one third of the vagina.",
      "options": [
        "Mesonephric ducts.",
        "Paramesonephric ducts.",
        "Sinovaginal bulbs.",
        "Genital tubercle.",
        "Genital folds.",
        "Genital swelling.",
        "Genital ridge."
      ],
      "correct": 2
    },
    {
      "stem": "Develops into the labia minora in females.",
      "options": [
        "Mesonephric ducts.",
        "Paramesonephric ducts.",
        "Sinovaginal bulbs.",
        "Genital tubercle.",
        "Genital folds.",
        "Genital swelling.",
        "Genital ridge."
      ],
      "correct": 4
    },
    {
      "stem": "Develops into the scrotum in males.",
      "options": [
        "Mesonephric ducts.",
        "Paramesonephric ducts.",
        "Sinovaginal bulbs.",
        "Genital tubercle.",
        "Genital folds.",
        "Genital swelling.",
        "Genital ridge."
      ],
      "correct": 5
    },
    {
      "stem": "Develops into the penis in males.",
      "options": [
        "Mesonephric ducts.",
        "Paramesonephric ducts.",
        "Sinovaginal bulbs.",
        "Genital tubercle.",
        "Genital folds.",
        "Genital swelling.",
        "Genital ridge."
      ],
      "correct": 3
    },
    {
      "stem": "Develops into the urinary system in females.",
      "options": [
        "Mesonephric ducts.",
        "Paramesonephric ducts.",
        "Sinovaginal bulbs.",
        "Genital tubercle.",
        "Genital folds.",
        "Genital swelling.",
        "Genital ridge."
      ],
      "correct": 0
    },
    {
      "stem": "Lymphatic drainage of the ovary.",
      "options": [
        "Aorta.",
        "Internal iliac artery.",
        "Renal vein.",
        "Vena cava.",
        "Superficial inguinal and femoral nodes.",
        "Obturator, internal and external iliac nodes.",
        "Para-aortic nodes."
      ],
      "correct": 6
    },
    {
      "stem": "Lymphatic drainage of the lower vagina and vulva.",
      "options": [
        "Aorta.",
        "Internal iliac artery.",
        "Renal vein.",
        "Vena cava.",
        "Superficial inguinal and femoral nodes.",
        "Obturator, internal and external iliac nodes.",
        "Para-aortic nodes."
      ],
      "correct": 4
    },
    {
      "stem": "Lymphatic drainage of the upper vagina and cervix.",
      "options": [
        "Aorta.",
        "Internal iliac artery.",
        "Renal vein.",
        "Vena cava.",
        "Superficial inguinal and femoral nodes.",
        "Obturator, internal and external iliac nodes.",
        "Para-aortic nodes."
      ],
      "correct": 5
    },
    {
      "stem": "Venous drainage from the left ovarian vein.",
      "options": [
        "Aorta.",
        "Internal iliac artery.",
        "Renal vein.",
        "Vena cava.",
        "Superficial inguinal and femoral nodes.",
        "Obturator, internal and external iliac nodes.",
        "Para-aortic nodes."
      ],
      "correct": 2
    },
    {
      "stem": "Superior vesical artery.",
      "options": [
        "Aorta.",
        "Internal iliac artery.",
        "Renal vein.",
        "Vena cava.",
        "Superficial inguinal and femoral nodes.",
        "Obturator, internal and external iliac nodes.",
        "Para-aortic nodes."
      ],
      "correct": 1
    },
    {
      "stem": "A chaperone in always needed for intimate examination.",
      "options": [
        "True",
        "False"
      ],
      "correct": 0
    },
    {
      "stem": "In its upper portion the ureter lies anterior to the ovary.",
      "options": [
        "True",
        "False"
      ],
      "correct": 1
    },
    {
      "stem": "Bicornuate uterus requires hysteroscopic metroplasty to improve fertility rates.",
      "options": [
        "True",
        "False"
      ],
      "correct": 1
    },
    {
      "stem": "The peritoneum overlies the uterus in whole or in part.",
      "options": [
        "True",
        "False"
      ],
      "correct": 0
    },
    {
      "stem": "The peritoneum overlies the ovary in whole or in part.",
      "options": [
        "True",
        "False"
      ],
      "correct": 1
    },
    {
      "stem": "Congenital adrenal hyperplasia have XX karyotype.",
      "options": [
        "True",
        "False"
      ],
      "correct": 0
    },
    {
      "stem": "Rokitansky's syndrome have XX Karyotype.",
      "options": [
        "True",
        "False"
      ],
      "correct": 0
    },
    {
      "stem": "Turner's syndrome have XX Karyotype.",
      "options": [
        "True",
        "False"
      ],
      "correct": 1
    },
    {
      "stem": "Androgen insensitivity syndrome have XX Karyotype.",
      "options": [
        "True",
        "False"
      ],
      "correct": 1
    },
    {
      "stem": "Per Rectum examination is a MUST in all gynecological cases.",
      "options": [
        "True",
        "False"
      ],
      "correct": 1
    },
    {
      "stem": "Bimanual examination can determine whether a pelvic mass is ovarian or uterine in origin.",
      "options": [
        "True",
        "False"
      ],
      "correct": 0
    },
    {
      "stem": "Laparoscopy is the gold standard to diagnose pelvic endometriosis.",
      "options": [
        "True",
        "False"
      ],
      "correct": 0
    },
    {
      "stem": "Hysteroscopy is the gold standard to diagnose endometrial polypi.",
      "options": [
        "True",
        "False"
      ],
      "correct": 0
    },
    {
      "stem": "Gold standard investigation to evaluate the tubes in cases of infertility is hysterosalpingography.",
      "options": [
        "True",
        "False"
      ],
      "correct": 1
    },
    {
      "stem": "Girls at the age of 8, should be screened to detect the need for FGM.",
      "options": [
        "True",
        "False"
      ],
      "correct": 1
    },
    {
      "stem": "Removal of clitoris, both labia minora and both labia majora is considered type 4 FGM.",
      "options": [
        "True",
        "False"
      ],
      "correct": 1
    },
    {
      "stem": "Laparoscopy can accurately differentiate between bicornuate and septate uterus.",
      "options": [
        "True",
        "False"
      ],
      "correct": 0
    },
    {
      "stem": "Hysteroscopy can accurately differentiate between bicornuate and septate uterus.",
      "options": [
        "True",
        "False"
      ],
      "correct": 1
    }
  ]
}
