{
  "title": "General Gynecology - Dr. Nadine",
  "questions": [
    {
      "stem": "A 26-year-old woman complains of a mass in her vagina. The mass is non-tender, but is uncomfortable during exertion. It appears on standing and disappears on lying down, and can be reduced manually. Most likely diagnosis:",
      "options": [
        "Urethral diverticulum.",
        "Genital prolapse.",
        "Bartholin cyst.",
        "Cervical fibroid polyp.",
        "femoral hernia."
      ],
      "correct": 1
    },
    {
      "stem": "A 28-year-old G1P1 woman complains of severe painful regular menses and severe dyspareunia. She has no history of STDs or PID. Most likely to identify the cause is:",
      "options": [
        "Laparoscopy.",
        "Hysteroscopy.",
        "BBT chart.",
        "HSG.",
        "Progesterone assay."
      ],
      "correct": 0
    },
    {
      "stem": "On a laparoscopy on a 28-year-old patient, multiple implants of endometriosis on the uterosacral ligaments and ovaries were detected. you ablated all the visible lesions with CO2 laser. You recommended postoperative medical treatment due to extensive lesions seen intra-operatively. The best method used to follow up the prognosis:",
      "options": [
        "CT Scan.",
        "Ultrasound.",
        "Hysteroscopy.",
        "Laparoscopy.",
        "CA 125."
      ],
      "correct": 4
    },
    {
      "stem": "A 28-year-old NG complains of bleeding between periods and heavy menses. She tried OCPs and NSAIDs with no effect. The most appropriate at this time:",
      "options": [
        "Perform a hysterectomy.",
        "Perform a hysteroscopy.",
        "Perform endometrial ablation.",
        "Treat with a GnRH agonist.",
        "Start the patient on a high dose progestational agent."
      ],
      "correct": 1
    },
    {
      "stem": "A copper IUD has a contraception efficacy rate of:",
      "options": [
        "99%",
        "80%",
        "50%",
        "10%",
        "1%"
      ],
      "correct": 0
    },
    {
      "stem": "Which of the following is true regarding the use of a contraceptive diaphragm:",
      "options": [
        "It must be refitted if the patient gains more than 7kg.",
        "Use of nonoxynol-9 will prevent HIV.",
        "The diaphragm should be removed immediately after intercourse.",
        "Diaphragms are made only of latex.",
        "Diaphragms are recommended for women with a history of toxic shock syndrome."
      ],
      "correct": 0
    },
    {
      "stem": "A 37-year-old woman who complains of heavy painful menses requests contraception. She smokes a pack of cigarettes a day. Best choice of contraception for this patient:",
      "options": [
        "A copper-T IUD.",
        "Low dose COCPS.",
        "Progesterone implant.",
        "Endometrial ablation.",
        "Hysterectomy."
      ],
      "correct": 2
    },
    {
      "stem": "A 36-year-old woman has severe pain during menses which radiates into the anal region. On bimanual exam, she has a small, retroverted uterus and tender nodules can be felt on palpation of the uterosacral ligaments. which of the following does she most likely have?",
      "options": [
        "Chronic PID.",
        "Adenomyosis.",
        "Fibroids.",
        "Endometriosis.",
        "Uterine carcinoma."
      ],
      "correct": 3
    },
    {
      "stem": "A 32-year-old G5P4 presents with an 8week history of amenorrhea and suggestive symptoms of pregnancy. Physical examination reveals enlarged uterus 16weeks. US confirms the presence of an 8weeks living pregnancy and a multiple fibroid uterus. The correct management for this patient is:",
      "options": [
        "Termination of pregnancy with elective myomectomy 2months later.",
        "Termination of pregnancy with concomitant myomectomy.",
        "Prudent observation with elective C-section at term.",
        "Prudent observation anticipating probable vaginal delivery.",
        "Myomectomy and follow pregnancy in usual way."
      ],
      "correct": 3
    },
    {
      "stem": "The commonest type of bleeding encountered with uterine leiomyomas is:",
      "options": [
        "Postcoital spotting.",
        "Mid-cycle bleeding.",
        "Hypermenorrhea.",
        "Oligomenorrhea.",
        "Post-coital staining."
      ],
      "correct": 2
    },
    {
      "stem": "A 36-year-old G1P1 presents wz pain& bleeding due to a large uterine fibroid confirmed by US. Patient requests treatment but wants to preserve fertility. Best treatment is:",
      "options": [
        "Oral contraceptives.",
        "Uterine artery embolization.",
        "Metformin.",
        "Myomectomy.",
        "GnRHa."
      ],
      "correct": 3
    },
    {
      "stem": "A 37-year-old P2 presents with a 10day history of heavy vaginal bleeding and lower abdominal cramping. O/E: 6cm submucosal myoma seen from the cervix. Active bleeding is present, and the patient's hematocrit is 26%. The following is optimal management:",
      "options": [
        "Transfusion and vaginal hysterectomy.",
        "Transfusion and abdominal hysterectomy.",
        "Biopsy of the mass and transfusion is necessary.",
        "Transvaginal myomectomy and transfusion if necessary.",
        "High dose birth control pills."
      ],
      "correct": 3
    },
    {
      "stem": "A 72-year-old woman complains of a lump protruding through the vagina with local pressure symptoms. O/E, there is a visible uterine prolapse. All the following may be etiologic factors EXCEPT:",
      "options": [
        "Multiparity.",
        "Chronic smoking.",
        "History of large babies.",
        "Hyperestrogenism.",
        "Postmenopausal status."
      ],
      "correct": 3
    },
    {
      "stem": "Oral contraceptive pills have been shown to raise the risk of:",
      "options": [
        "Ovarian cancer.",
        "Breast cancer.",
        "Endometrial cancer.",
        "Thromboembolic events.",
        "Ovarian cysts."
      ],
      "correct": 3
    },
    {
      "stem": "Which of the following is also associated with combined oral contraceptive use:",
      "options": [
        "Increased risk of ovarian cancer.",
        "Decreased risk of ovarian cysts.",
        "Increased risk for ectopic pregnancy.",
        "Increased incidence of dysmenorrhea.",
        "Increased risk of menorrhagia."
      ],
      "correct": 1
    },
    {
      "stem": "A 19-year-old female comes to see you because she found a tear in her diaphragm contraceptive device. She had intercourse the previous day. She is worried about unwanted pregnancy. What is the appropriate action?",
      "options": [
        "Do pregnancy test.",
        "Reassurance.",
        "Oral contraceptive pills, daily for 2weeks.",
        "Levonorgestrel, one pill now and another in 12hrs.",
        "Call for OBGYN consult."
      ],
      "correct": 3
    },
    {
      "stem": "A 60-year-old P4 on continuous combined HRT, presents with a 2weeks history of irregular vaginal bleeding. best next step:",
      "options": [
        "Dilatation and curettage.",
        "Norethisterone 5mg tds.",
        "Pipelle endometrial biopsy.",
        "Sequential combined HRT.",
        "TVS."
      ],
      "correct": 4
    },
    {
      "stem": "What is the commonest cause of postmenopausal bleeding:",
      "options": [
        "Endometrial polyp.",
        "Endometrial hyperplasia.",
        "Endometrial cancer.",
        "Endometrial atrophy.",
        "Endometritis."
      ],
      "correct": 3
    },
    {
      "stem": "A 40-year-old woman complains of menorrhagia and dysmenorrhea that progressed gradually; the most likely diagnosis is:",
      "options": [
        "Endometrial cancer.",
        "Adenomyosis.",
        "Cervical cancer.",
        "Ovarian cyst.",
        "Endometrial polyps."
      ],
      "correct": 1
    },
    {
      "stem": "A 33-year-old female presents with 3months irregular vaginal bleeding. prior, her menstrual periods were normal. The most appropriate initial laboratory test is:",
      "options": [
        "Hemoglobin and hematocrit.",
        "TSH.",
        "LH and FSH.",
        "Estradiol.",
        "HCG."
      ],
      "correct": 4
    },
    {
      "stem": "The most frequent cause of dyspareunia is:",
      "options": [
        "Vaginismus.",
        "Endometriosis.",
        "Retroverted uterus.",
        "Inadequate vaginal lubrication.",
        "Pelvic inflammatory disease."
      ],
      "correct": 3
    },
    {
      "stem": "A 26-year-old woman is first seen at 28weeks gestation. Her history and physical examination are normal except for the presence of a 2cm posterior cervical leiomyoma. Best management for this patient:",
      "options": [
        "Myomectomy at 36weeks.",
        "Progesterone therapy to decrease the myoma size.",
        "Watchful waiting.",
        "Elective cesarean delivery at term.",
        "Cesarean section and myomectomy at the same setting."
      ],
      "correct": 2
    },
    {
      "stem": "A 32-year-old woman complains of heavy menstrual bleeding for 8months. O/E: no physical abnormality. She feels very fatigued. which investigation you would consider first:",
      "options": [
        "CBC.",
        "Ferritin.",
        "Thyroid profile.",
        "Day 2 hormone profile.",
        "Coagulation profile."
      ],
      "correct": 0
    },
    {
      "stem": "A 57-year-old postmenopausal woman complains of \"something coming out of her vagina\" and difficulty in opening her bowels. she had 4 children by normal vaginal deliveries. her last child birth was 18yrs ago. The most likely diagnosis:",
      "options": [
        "Anterior vaginal wall prolapse.",
        "Genuine stress incontinence.",
        "Overflow incontinence.",
        "Posterior vaginal wall prolapse.",
        "Stress incontinence."
      ],
      "correct": 3
    },
    {
      "stem": "Regarding endometriosis, all the following are correct EXCEPT:",
      "options": [
        "Is frequently associated with infertility.",
        "Causes deep dyspareunia.",
        "Is often asymptomatic.",
        "Causes postcoital bleeding.",
        "Causes dysmenorrhea."
      ],
      "correct": 3
    },
    {
      "stem": "A 36-year-old woman is diagnosed with mild stage pelvic endometriosis at laparoscopy. she has regular cycles; her partner has normal semen analysis. The couple have been trying to conceive for 2years. The preferred initial ttt choice:",
      "options": [
        "Clomiphene citrate induction.",
        "GnRH agonist.",
        "GnRH antagonist.",
        "Laparoscopic excision/ ablation of peritoneal endometriosis.",
        "Selective progesterone receptor modulator."
      ],
      "correct": 3
    },
    {
      "stem": "A 22-year-old woman asks her GP for most appropriate postnatal contraception for her. she had uncomplicated VD 6weeks ago. She is intermittently breast feeding. She and her partner are keen to space out 2-3yrs and requesting the most reliable contraception. She admits having difficulty in remembering to take medication. Most appropriate option:",
      "options": [
        "COCPS.",
        "Combined contraceptive vaginal ring.",
        "Condoms.",
        "Lactational amenorrhea.",
        "Progesterone only implant."
      ],
      "correct": 4
    },
    {
      "stem": "A 22-year-old woman presents to her GP for advice regarding postnatal contraception. She had an uncomplicated VD 3weeks ago. She is bottle feeding. She and her partner are keen to space out 1-2years and wishing a reliable form of contraception. She has history of irregular menstrual cycles and PCO. Most appropriate option:",
      "options": [
        "COCPS.",
        "Copper IUD.",
        "LNG-IUS.",
        "POPS.",
        "Progesterone only injectable."
      ],
      "correct": 0
    },
    {
      "stem": "A 38-year-old woman suffers from 1ry infertility and endometriosis. Her recent TVS suggests presence of 2.5cm endometrioma. Her pain is well controlled using simple analgesics. she is due to undergo IVF. Best ttt for this endometrioma",
      "options": [
        "Expectant management.",
        "Laparoscopic ovarian cystectomy.",
        "Laparoscopic ovarian cyst aspiration.",
        "Laparoscopic ovarian cyst fenestration and drainage.",
        "Laparoscopic salpingoophorectomy."
      ],
      "correct": 0
    },
    {
      "stem": "Medical management of fibroids is best indicated when:",
      "options": [
        "Fibroid less than 3cm, not distorting the cavity and asymptomatic.",
        "Fibroid less than 3cm, distorting the cavity and asymptomatic.",
        "Fibroid less than 3cm, not distorting the cavity and causing heavy bleeding.",
        "Fibroid more than 3cm, distorting the cavity and asymptomatic.",
        "Fibroid more than 3cm, not distorting the cavity and asymptomatic."
      ],
      "correct": 2
    },
    {
      "stem": "A 45-year-old patient presents to ER 2days after UAE (Uterine Artery Embolization) for a 20weeks size fibroid uterus. She has diffused abdominal pain, generalized malaise, anorexia, nausea, vomiting, low-grade fever and leukocytosis. Most likely diagnosis:",
      "options": [
        "Arterial dissection.",
        "Bowel perforation.",
        "Endometritis.",
        "Myoma expulsion.",
        "Reactionary to embolization (post-embolization syndrome)."
      ],
      "correct": 4
    },
    {
      "stem": "A 17-year-old girl complains of severe bleeding during her menstrual cycle. She uses 20 tampons per cycle, and it lasts for 7days. She denies being sexually active. What is the first line of medical therapy for this patient:",
      "options": [
        "NSAIDS.",
        "Iron.",
        "Use more tampons/PADS.",
        "OCP.",
        "Dilatation and curettage."
      ],
      "correct": 0
    },
    {
      "stem": "A 28-year-old white female consults you for irregular heavy menstrual periods. her general and pelvic examination as Pap test examination as well as TVS are normal. She has a negative pregnancy test. CBC and chemistry are normal. the next step should be:",
      "options": [
        "Endometrial aspiration.",
        "Dilatation and curettage.",
        "LH and FSH assays.",
        "Administration of estrogen,",
        "Cyclic administration of progesterone for 3months."
      ],
      "correct": 4
    },
    {
      "stem": "A 36-year-old woman attends the family planning clinic as she wants to use COCP for the next 3years and she is asking about the risks of thromboembolism. When does she have the highest risk of venous thromboembolism?",
      "options": [
        "After 5years of use.",
        "After 4years of use.",
        "After 3years of use.",
        "In the second year of use.",
        "In the first year of use."
      ],
      "correct": 4
    },
    {
      "stem": "The most common cause of stress incontinence is:",
      "options": [
        "Constipation.",
        "Raised intra-abdominal pressure.",
        "Congenital weakness of sphincter.",
        "Childbirth trauma.",
        "Estrogen deficiency."
      ],
      "correct": 3
    },
    {
      "stem": "O/E of a 35-year-old multipara complaining of lower abdominal heaviness, uterus was felt symmetrically enlarged of about 12 weeks size. All the following could be an etiology EXCEPT:",
      "options": [
        "Uterine fibroid.",
        "Adenomyosis.",
        "Pregnancy.",
        "Hematometra.",
        "Chronic hypertrophic cervicitis."
      ],
      "correct": 4
    },
    {
      "stem": "A 35-year-old NG complains of increasing dysmenorrhea and pelvic pain. She has not become pregnant over her 3years. PV shows tenderness of a 4cm right ovarian cyst. Most likely diagnosis:",
      "options": [
        "Adenomyosis.",
        "Pelvic congestion syndrome.",
        "Endometriosis.",
        "Chronic pelvic inflammatory disease.",
        "Dermoid cyst."
      ],
      "correct": 2
    },
    {
      "stem": "The most common early complication of Burch colposuspension is:",
      "options": [
        "Vaginal bleeding.",
        "Urinary retention.",
        "Ureteral injury.",
        "Development of an enterocele.",
        "Urethrovaginal fistula."
      ],
      "correct": 1
    },
    {
      "stem": "A young female enters your office wanting to start oral contraceptive pills. You counsel her the reasons she may not start pills, which are:",
      "options": [
        "Impaired liver functions.",
        "Undiagnosed uterine bleeding.",
        "Past history of thrombophlebitis.",
        "History of breast lesion.",
        "All of the above."
      ],
      "correct": 4
    },
    {
      "stem": "A 55-year-old female presents with a period like vaginal bleeding for 5days that stopped spontaneously. Your approach to the problem would be:",
      "options": [
        "Reassure the patient and manage expectantly.",
        "Administer provera 10mg OD for 15days.",
        "Obtain endometrial tissue.",
        "Administer hemostatics.",
        "Perform Pap smear plus endocervical curettage."
      ],
      "correct": 2
    },
    {
      "stem": "Prolapse after menopause is attributed to the deficiency of which hormone:",
      "options": [
        "Estrogen.",
        "Progesterone.",
        "Testosterone.",
        "Cortisone.",
        "Prolactin."
      ],
      "correct": 0
    },
    {
      "stem": "A 25-year-old P1+0, is seeking a method of contraception. She delivered by CS 3months ago and is nursing her baby with amenorrhea since delivery. She is planning to delay next pregnancy for 3-5years. Most appropriate contraceptive method for her is:",
      "options": [
        "Lactation suppresses ovulation and no extra protection.",
        "Intrauterine contraceptive device.",
        "Combined oral contraceptive pills.",
        "Progesterone only pills.",
        "Safe period."
      ],
      "correct": 1
    },
    {
      "stem": "A 38-year-old P1+0 attends the outpatient clinic for a contraceptive advice 2 months after CS. She is nursing her baby with amenorrhea and has not decided yet for how long she will delay the next pregnancy. Most appropriate contraceptive method:",
      "options": [
        "No need as long as lactational amenorrhea is present.",
        "Progesterone only pills.",
        "Combined oral contraceptive pills.",
        "Postcoital douching.",
        "Safe period."
      ],
      "correct": 1
    },
    {
      "stem": "A 60-year-old multipara, menopausal for 10 years, presents with slight vaginal bleeding. She is hypertensive with poor control. Speculum examination is free and US reveals normal size AVF uterus with 10mm endometrial thickness. Best management is:",
      "options": [
        "Check FSH and E2 before taking an action.",
        "Control hypertension and follow up.",
        "Gestagens could be used for 6 months.",
        "Fractional curettage.",
        "Pelvic MRI for further uterine evaluation."
      ],
      "correct": 3
    },
    {
      "stem": "A 60-year-old multipara, menopausal for 10 years, presents by an attack of mild vaginal bleeding. She is known to be hypertensive with poor control. Ultrasound reveals AVF normal sized uterus with a 2 mm endometrial thickness. How will you proceed?",
      "options": [
        "Control hypertension and follow up.",
        "Progestagens for 6 months.",
        "Hysterectomy.",
        "Uterine artery embolization.",
        "Check FSH and LH levels before taking an action."
      ],
      "correct": 0
    },
    {
      "stem": "The following is an absolute contraindication to combined oral contraceptive pills:",
      "options": [
        "Previous DVT.",
        "Previous CS.",
        "Previous ectopic pregnancy.",
        "Previous PID.",
        "Patients with peptic ulcer."
      ],
      "correct": 0
    },
    {
      "stem": "Indications to interfere in a uterine myoma include one of the following:",
      "options": [
        "Uterine size of 10 weeks size.",
        "Intramural fibroid of 2 cm.",
        "Non pedunculated subserous myoma.",
        "Submucous fibroid polyp in infertile case.",
        "Fibroid with hyaline degeneration."
      ],
      "correct": 3
    },
    {
      "stem": "Woman with endometriosis is likely to complain of all the following EXCEPT:",
      "options": [
        "Dyspareunia.",
        "Mood swings.",
        "Painful defecation.",
        "Severe dysmenorrhea.",
        "Infertility."
      ],
      "correct": 1
    },
    {
      "stem": "Regarding malignant transformation of uterine fibroid, choose the correct statement:",
      "options": [
        "Occurs in 10-20% of existing tumors.",
        "Most common type is adenocarcinoma.",
        "Commonly presents with acute abdominal pain.",
        "Post-menopausal growth in absence of replacement therapy is characteristic.",
        "It is more common in cervical fibroids."
      ],
      "correct": 3
    },
    {
      "stem": "A 48-year-old multipara with regular cycles, presents with repeated attacks of contact bleeding. Causes may include all the following EXCEPT:",
      "options": [
        "Cervical cancer.",
        "Cervical erosion.",
        "Large submucous fibroid polyp.",
        "Atrophic vaginitis.",
        "Pelvic endometriosis."
      ],
      "correct": 4
    },
    {
      "stem": "In the previous patient, which of the following investigations will be most valuable?",
      "options": [
        "Endometrial curettage.",
        "Pap smear.",
        "Hysteroscopy.",
        "HSG.",
        "CT pelvis."
      ],
      "correct": 1
    },
    {
      "stem": "A 50-year-old P1+2 presented with heavy menstrual flow for one year. TVS revealed a submucous fibroid 4cm filling the uterine cavity. Best treatment is:",
      "options": [
        "Medical treatment with LHRH analogue.",
        "Medical treatment with gestagens.",
        "Myomectomy.",
        "Hysterectomy.",
        "Insertion of hormone releasing IUD."
      ],
      "correct": 3
    },
    {
      "stem": "A 30-year-old P1+2 presents with heavy menstrual flow for one year. US reveals a submucous fibroid filling the uterine cavity. Best treatment option is:",
      "options": [
        "Medical treatment with GnRH analogue.",
        "Medical treatment with gestagens.",
        "Open abdominal myomectomy.",
        "Laparoscopic myomectomy.",
        "Total hysterectomy with bilateral salpingo-oopherectomy."
      ],
      "correct": 2
    },
    {
      "stem": "A 37-year-old multiparous woman presents with sexual unsatisfaction and mass protruding through the vulva on straining. O/E, the mass is soft, pinkish, mainly from the lower part of posterior vaginal wall. Most probable cause is:",
      "options": [
        "Cystocele.",
        "Rectocele.",
        "Enterocele.",
        "Bartholin cyst.",
        "Dermoid cyst."
      ],
      "correct": 1
    },
    {
      "stem": "A 30-year-old primipara presents 2 months after vaginal delivery with lack of sexual satisfaction. Examination reveals a weak levator ani tone with intact perineum. Cervix is felt just above the level of ischial spines. What is the suitable treatment option?",
      "options": [
        "Pelvic floor exercise.",
        "Posterior colpo-perineorrhaphy,",
        "Classical repair.",
        "Colposacropexy.",
        "Manchester-Fothergill operation."
      ],
      "correct": 0
    },
    {
      "stem": "What is the most common presentation of myoma:",
      "options": [
        "Menorrhagia.",
        "Metrorrhagia.",
        "Pelvic pain.",
        "Infertility.",
        "Asymptomatic."
      ],
      "correct": 4
    },
    {
      "stem": "Indications to interfere in asymptomatic myoma include one of the following:",
      "options": [
        "Uterine size reached 10weeks size.",
        "Intramural fibroid of 2cm.",
        "Non pedunculated subserous myoma.",
        "Broad ligament fibroid.",
        "Fibroid with hyaline degeneration."
      ],
      "correct": 3
    },
    {
      "stem": "A 30-year-old P1+2, presented by heavy menstrual flow for lyear. TVS revealed a submucous fibroid 4cm filling the uterine cavity. Best treatment option to preserve fertility:",
      "options": [
        "Medical treatment with LHGH analogue.",
        "Medical treatment by progestogens.",
        "Open abdominal myomectomy.",
        "Laparoscopic myomectomy.",
        "Hysteroscopic myomectomy."
      ],
      "correct": 4
    },
    {
      "stem": "Common symptoms associating endometriosis are:",
      "options": [
        "Low grade fever/malaise.",
        "Habitual abortion/ preterm labor.",
        "Menorrhagia/metrorrhagia.",
        "Dysmenorrhea/ dyspareunia.",
        "Amenorrhea/galactorrhea."
      ],
      "correct": 3
    },
    {
      "stem": "a 22-year-old woman comes to the physician for advice regarding birth control. She has tried OCPs twice, for approximately two cycles each time, but stopped because of irregular bleeding. She has had gonorrhea once. Examination is unremarkable. Which of the following forms of birth control should be recommended for her:",
      "options": [
        "Condoms.",
        "Diaphragm.",
        "Intrauterine device.",
        "Progestin only pills.",
        "Tubal ligation."
      ],
      "correct": 0
    },
    {
      "stem": "What is the advice you should give to the woman:",
      "options": [
        "You have to do laparoscopy to check the condition of Fallopian tubes.",
        "You should bring your husband for examination for gonorrhea.",
        "You have to drain your Bartholin gland.",
        "You have to receive treatment on regular basis to prevent reinfection.",
        "Nothing specific."
      ],
      "correct": 1
    },
    {
      "stem": "A 65-year-old woman comes to the physician because of bleeding from the vagina. She has no medical problems and takes no medications. Endometrial biopsy is performed. The patient complains of discomfort after the procedure but feels well enough to go home. Later that night, her abdominal pain worsened. She comes to ER. US shows a normal uterus and adnexae but a complex fluid collection posterior to the uterus. Which of the following is the most likely diagnosis:",
      "options": [
        "Bowel perforation.",
        "Endometritis.",
        "Endometrial cancer.",
        "Tubo-ovarian abscess.",
        "Uterine perforation."
      ],
      "correct": 4
    },
    {
      "stem": "What is the most suitable management:",
      "options": [
        "Immediate laparotomy.",
        "Antibiotics and observation.",
        "Diagnostic laparoscopy.",
        "Pan-hysterectomy.",
        "Culdocentesis."
      ],
      "correct": 1
    },
    {
      "stem": "A 54-year-old woman complains of hot flushes and cold sweats. Her LMP was 3years ago. She is on HRT. She noticed vaginal bleeding 2weeks ago. The bleeding is bright red painless following intercourse. Patient is concerned about tumor risk. What is the following next step in the management of this case:",
      "options": [
        "Perform speculum examination and obtain Pap smear",
        "Increase the dose of estrogen",
        "Reduce the dose of estrogen",
        "Reassurance",
        "Mefenamic acid"
      ],
      "correct": 0
    },
    {
      "stem": "TVS revealed endometrial thickness of 8mm. Next step in the management of this case:",
      "options": [
        "Expectant management.",
        "Decrease the dose of estrogen replacement therapy.",
        "Hysteroscopy and endometrial biopsy.",
        "Advice hysterectomy.",
        "Advice aromatase treatment."
      ],
      "correct": 2
    },
    {
      "stem": "A 35-year-old NG recently married (since 1year) presented because of her infertility problem. Her menstrual period is irregular and heavy since 6months and lasts for 8days with cramps and pain in her lower abdomen. She has been diagnosed to have hypochromic microcytic anemia and she is on iron supplement. Her hormonal analysis revealed normal FSH, LH, TSH and PRL level. Her BBT chart is biphasic. her HSG that revealed patent tubes but the uterine cavity showed a 2cm filling defect. What is the most likely diagnosis:",
      "options": [
        "Asherman syndrome.",
        "Bicornuate uterus.",
        "Submucous fibroid.",
        "Adenomyosis.",
        "Endometrial hyperplasia."
      ],
      "correct": 2
    },
    {
      "stem": "What is the most appropriate next step:",
      "options": [
        "Diagnostic office hysteroscopy.",
        "Endometrial biopsy.",
        "Repeat HSG postmenstrual.",
        "Order CA125.",
        "Order MRI."
      ],
      "correct": 0
    },
    {
      "stem": "A 38-year-old woman G4P4 with all NVD comes to the physician with involuntary escape of urine. She also noticed a swelling that comes out of her vagina on straining. She pushes this swelling inside her vagina and rest in bed as treatment. This mass disappears on lying down but the escape of urine on coughing did not improve. What is the most likely diagnosis:",
      "options": [
        "Urethral diverticulum.",
        "Gartner cyst.",
        "Chronic uterine inversion.",
        "Genuine stress incontinence.",
        "Elongation of the cervix."
      ],
      "correct": 3
    },
    {
      "stem": "Which of the following is the most appropriate next step in management:",
      "options": [
        "Expectant management.",
        "Surgical repair.",
        "Intravenous antibiotics.",
        "Incision and drainage.",
        "Marsupialization."
      ],
      "correct": 1
    },
    {
      "stem": "Choose the correct statement as regard treatment of endometriosis:",
      "options": [
        "Cyclic OCP could be used for 6monbths.",
        "Danazole is the treatment of choice for 1-2years.",
        "Long acting GnRh agonists could be used for 6months.",
        "Small dose estrogen can be used to reduce the associated pain.",
        "Surgical excision should be offered in all patients."
      ],
      "correct": 2
    },
    {
      "stem": "A 40-year-old P2+0 diabetic attended the clinic for contraception. She had regular cycles but she used to have more than average blood loss for about 7days. Examination and TVS were normal. Most appropriate method for contraception for her:",
      "options": [
        "Copper IUD.",
        "Progesterone medicated IUD.",
        "OCPS.",
        "POPS.",
        "Safe period."
      ],
      "correct": 1
    },
    {
      "stem": "A 50-year patient had undergone a vaginal hysterectomy 3 months ago for a complete uterine prolapse. Since the operation she complains of involuntary continuous urine leakage although she feels normal desire of micturition. Provisional cause for this incontinence:",
      "options": [
        "Severe cystitis following surgery.",
        "Untreated stress incontinence.",
        "Detrusor instability following surgical manipulations.",
        "Vesico- vaginal fistula.",
        "Uretro-vaginal fistula."
      ],
      "correct": 4
    },
    {
      "stem": "Regarding parameters of normal bladder functions on cystometry:",
      "options": [
        "Detrusor pressure filling <30cm H2O.",
        "Presence of detrusor contractions during filling.",
        "First desire to void at 400 ml.",
        "No leakage during cough.",
        "Residual urine <100ml."
      ],
      "correct": 3
    },
    {
      "stem": "The commonest cause of rectovaginal fistula is:",
      "options": [
        "Badly healed complete perineal tear.",
        "Congenital.",
        "Rupture of peri-rectal abscess.",
        "Cervical malignancy.",
        "Post irradiation."
      ],
      "correct": 0
    },
    {
      "stem": "A 45-year-old multiparous woman had 2ry dysmenorrhea and menorrhagia for 2 years. Examination revealed mild symmetric enlarged uterus with mild tenderness. Pelvic ultrasound revealed diffuse thickening of uterine muscles. Most likely diagnosis?",
      "options": [
        "Endometrial hyperplasia.",
        "Uterine leiomyoma.",
        "Adenomyosis.",
        "Endometriosis.",
        "Congenital hypertrophy of uterine muscle."
      ],
      "correct": 2
    },
    {
      "stem": "Which of the following is considered a contraindication to IUCD?",
      "options": [
        "During lactation.",
        "Previous C.S.",
        "Previous missed IUD threads.",
        "Previous ectopic pregnancy.",
        "Patients with scanty cycles."
      ],
      "correct": 3
    },
    {
      "stem": "The most common risk factor for pelvic organ prolapse is:",
      "options": [
        "Congenital pelvic floor weakness.",
        "Menopausal atrophy.",
        "Iatrogenic weakness following improperly formed hysterectomy.",
        "Short interval successive deliveries.",
        "Old complete perineal tear."
      ],
      "correct": 4
    },
    {
      "stem": "A 45-year multipara, presented with a mass protruding from the vulva on straining. This was associated with some urinary frequency and lack of sexual satisfaction. Examination revealed a descent of both anterior and posterior vaginal wall with deficient perineum. Cervix was felt at level of ischial spines. Most suitable treatment for her?",
      "options": [
        "Pelvic floor exercise.",
        "Posterior colpo-perineorrhaphy.",
        "Classical repair.",
        "Colposacropexy.",
        "Vaginal hysterectomy."
      ],
      "correct": 2
    },
    {
      "stem": "An enterocele is best characterized by which of the following statements:",
      "options": [
        "It is not a true hernia.",
        "It is a herniation of the bladder floor into the vagina.",
        "It is a prolapse of the uterus and vaginal wall outside the body.",
        "It is protrusion of the pelvic peritoneal sac and vaginal wall into the vagina.",
        "It is a prolapse of the vaginal wall with the lower rectum."
      ],
      "correct": 3
    },
    {
      "stem": "All the followings are true about IUCD EXCEPT:",
      "options": [
        "It is contraindicated in undiagnosed vaginal bleeding.",
        "It is contraindicated in cases with history of PID.",
        "It is contraindicated in patients with a history of ectopic pregnancy.",
        "It is contraindicated in patients with uterine anomalies making insertion difficult.",
        "It is contraindicated in lactating patients."
      ],
      "correct": 4
    },
    {
      "stem": "All the following are side effects of COCPS EXCEPT:",
      "options": [
        "Weight loss.",
        "Hypomenorrhea.",
        "Thromboembolic disorders.",
        "Breakthrough bleeding.",
        "Breast tenderness."
      ],
      "correct": 0
    },
    {
      "stem": "Choose one of the following conditions in which COCPs could be safely prescribed?",
      "options": [
        "Previous deep venous thrombosis.",
        "Previous treatment for cancer breast.",
        "Previous ectopic pregnancy.",
        "Active liver disease.",
        "Coronary heart disease."
      ],
      "correct": 2
    },
    {
      "stem": "The absolute contraindications to COCPs include all the following EXCEPT:",
      "options": [
        "Blood pressure <140/90.",
        "Smoking cigarettes (40/day).",
        "Diabetes retinopathy.",
        "Migraine with aura.",
        "BMI> 40."
      ],
      "correct": 0
    },
    {
      "stem": "All the following are considered a temporary method of contraception EXCEPT:",
      "options": [
        "Tubal ligation.",
        "Coitus interruptus.",
        "Male and female condoms.",
        "IUCD.",
        "Spermicides."
      ],
      "correct": 0
    },
    {
      "stem": "The commonest contraceptive method used in developing countries is:",
      "options": [
        "IUCD.",
        "Monophasic COCPS.",
        "Biphasic COCPS.",
        "POPS.",
        "Male condom."
      ],
      "correct": 0
    },
    {
      "stem": "COCPs increase the risk of all the following EXCEPT:",
      "options": [
        "Ischemic stroke.",
        "Breast cancer.",
        "Ischemic coronary heart disease.",
        "Ovarian cancer.",
        "Transient elevation of liver enzymes."
      ],
      "correct": 3
    },
    {
      "stem": "A 26-year-old newly married female comes with her husband due to severe dyspareunia and failed intercourse. All the following can contribute to this condition EXCEPT:",
      "options": [
        "Tough rigid hymen.",
        "Pelvic endometriosis.",
        "Hydatid cyst of Morgagni.",
        "Longitudinal vaginal septum.",
        "Vaginismus."
      ],
      "correct": 2
    },
    {
      "stem": "Menorrhagia could be caused by all the following EXCEPT:",
      "options": [
        "Submucous fibroid.",
        "Intrauterine contraceptive device.",
        "Endometrial hyperplasia.",
        "Corpus luteum cyst of the ovary.",
        "Diffuse adenomyosis."
      ],
      "correct": 3
    },
    {
      "stem": "For injectable progesterone contraception, all the following are true EXCEPT:",
      "options": [
        "Medroxyprogesterone acetate is the most commonly used.",
        "May cause irregular uterine bleeding.",
        "May cause amenorrhea.",
        "Should not be given in lactating mother.",
        "Does not carry a risk of venous thrombosis."
      ],
      "correct": 3
    },
    {
      "stem": "Side effects of OCP include all the following EXCEPT:",
      "options": [
        "Break through bleeding.",
        "Dysmenorrhea.",
        "Nausea.",
        "Mastalgia.",
        "Chloasma."
      ],
      "correct": 1
    },
    {
      "stem": "A contraceptive method that prevents transmission of STD is:",
      "options": [
        "Condom.",
        "OCP.",
        "IUCD.",
        "Spermicide.",
        "Injectable."
      ],
      "correct": 0
    },
    {
      "stem": "All the following are possible causes of menorrhagia EXCEPT:",
      "options": [
        "Uterine fibroid.",
        "Adenomyosis.",
        "PID.",
        "Endometrial hyperplasia.",
        "COCP."
      ],
      "correct": 4
    },
    {
      "stem": "All the following are suggestive of adenomyosis, EXCEPT:",
      "options": [
        "Heavy menstrual bleeding.",
        "Prolonged menstrual bleeding.",
        "Secondary dysmenorrhea.",
        "Boggy globular and tender uterus with indistinct endometrial-myometrial junction.",
        "Enlarged firm uterus with distinct masses on ultrasound."
      ],
      "correct": 3
    },
    {
      "stem": "A 68-year-old patient presents with pelvic pressure, vaginal bulge that worsens by prolonged standing. You suspect POP. All the following contribute to POP EXCEPT:",
      "options": [
        "Genetic predisposition.",
        "Chronic constipation with a long-standing straining to defecate.",
        "Postmenopausal status.",
        "COPD.",
        "Sexual inactivity."
      ],
      "correct": 4
    },
    {
      "stem": "A 45-year-old obese asymptomatic G5P4 was referred for evaluation of mild POP. She denies any pelvic pressure, bulge or difficult urination. What do u recommend:",
      "options": [
        "Conservative management with pelvic floor muscle exercise and weight loss.",
        "Colpocleisis obliterative procedure.",
        "Gellhorn pessary.",
        "Round ligament suspension.",
        "Hysterectomy."
      ],
      "correct": 0
    },
    {
      "stem": "The treatment of endometriosis include all the following EXCEPT:",
      "options": [
        "Birth control pills.",
        "Oral progesterone.",
        "Estrogen.",
        "Depot provera.",
        "GnRh analogue."
      ],
      "correct": 2
    },
    {
      "stem": "Clinical symptoms of uterine prolapse include all the following, EXCEPT:",
      "options": [
        "Cervical ulcer.",
        "Dyspareunia.",
        "Amenorrhea.",
        "Urinary retention.",
        "Low back ache."
      ],
      "correct": 2
    },
    {
      "stem": "The following are theories for endometriosis EXCEPT:",
      "options": [
        "Coelomic metaplasia.",
        "Endometrial hyperplasia.",
        "Retrograde menstruation.",
        "Immunological factor.",
        "Lymphatic spread of endometrial fragments."
      ],
      "correct": 1
    },
    {
      "stem": "The commonest uterine fibroid to cause excessive bleeding is:",
      "options": [
        "Submucous fibroid.",
        "Subserous fibroid.",
        "Intramural fibroid.",
        "Cervical fibroid.",
        "Broad ligament fibroid."
      ],
      "correct": 0
    },
    {
      "stem": "Acceptable treatment for uterine fibroids include all the following EXCEPT:",
      "options": [
        "No treatment.",
        "Myomectomy during pregnancy if red degeneration occurs.",
        "Myomectomy.",
        "Hysterectomy.",
        "GnRh agonist."
      ],
      "correct": 1
    },
    {
      "stem": "Regarding uterine fibroid:",
      "options": [
        "Is commoner in white people than black races.",
        "All should be treated immediately.",
        "Sarcomatous change occurs in 1%",
        "Can cause obstructed labor.",
        "In pregnancy, this indicates cesarean section."
      ],
      "correct": 3
    },
    {
      "stem": "A patient has uterine leiomyoma accompanied by excessive uterine bleeding, TVS showed thick endometrium of 13mm. Your management should be by:",
      "options": [
        "Myomectomy.",
        "Hysterectomy.",
        "Irradiation.",
        "High dose of estrogen.",
        "Hysteroscopy with endometrial biopsy."
      ],
      "correct": 4
    },
    {
      "stem": "A 30-year-old P2+0, inserted an IUD 1 month after her last repeat cesarean section. During IUD checkup 6 months later, the threads were not felt or seen on speculum examination. TVS revealed an empty normal sized uterus with free adnexae. What will your next investigation be?",
      "options": [
        "Plain abdominal/pelvic X ray.",
        "MRI pelvis.",
        "Hysteroscopy.",
        "Laparoscopy.",
        "Laparotomy."
      ],
      "correct": 0
    },
    {
      "stem": "If this IUD is present outside the uterus, what is the most suitable management?",
      "options": [
        "Insert another IUD.",
        "Oral contraceptive pills are prescribed.",
        "Laparoscopic extraction.",
        "Exploratory laparotomy.",
        "CT guided extraction of IUD."
      ],
      "correct": 2
    },
    {
      "stem": "A 24-year-old G2P2 is requesting contraception 6weeks postpartum. Her history is unremarkable except for significant 1ry dysmenorrhea. The following contraceptive methods may increase the dysmenorrhea:",
      "options": [
        "COCPS.",
        "POPS.",
        "Male condoms.",
        "Copper IUD.",
        "None of the above."
      ],
      "correct": 3
    },
    {
      "stem": "A 90-year-old woman comes to your office complaining that she feels she is \"sitting on a ball\". O/E, you find that the vagina turned inside out and the entire uterus lies outside the vaginal introitus. This condition is known as:",
      "options": [
        "First degree uterine prolapse.",
        "Second degree uterine prolapse.",
        "Complete procidentia.",
        "Vaginal evisceration.",
        "Uterine inversion."
      ],
      "correct": 2
    },
    {
      "stem": "A 25-year-old woman requests emergency contraception after unprotected intercourse on an occasion 4days ago. What would you recommend:",
      "options": [
        "IUCD.",
        "LNG injection.",
        "LNG-IUS.",
        "Mifepristone.",
        "Plan B tablets."
      ],
      "correct": 0
    },
    {
      "stem": "A 32-year-old woman underwent TVS for Rt sided pelvic pain. US shows Rt ovarian cyst 5x4x6cm with ground glass appearance. Most likely diagnosis:",
      "options": [
        "Dermoid cyst.",
        "Endometrioma.",
        "Mixed serous cystadenoma.",
        "Adhesions.",
        "Hydrosalpinx."
      ],
      "correct": 1
    },
    {
      "stem": "A 32-year-old NG comes for consultation as she and her husband are planning conception. TVS: 7cm uterus with 1x2cm intramural fibroid, no adenomyosis, endometrial lining and ovaries are normal. She has mild dysmenorrhea, no AUB, no postcoital or intermenstrual bleeding. Her examination is unremarkable. Your recommended treatment:",
      "options": [
        "LNG-IUS.",
        "Endometrial ablation.",
        "Hysteroscopic resection.",
        "Uterine artery embolization.",
        "Expectant management."
      ],
      "correct": 4
    },
    {
      "stem": "A 62-year-old G2P2 presents with urinary incontinence. She can't make it to the toilet. She gets up 2-3times per night to urinate. Urine analysis, culture were negative. Most likely diagnosis and most appropriate treatment:",
      "options": [
        "Stress incontinence, mid-urethral sling.",
        "Urge incontinence, oxybutynin.",
        "Overflow incontinence. oxybutynin.",
        "Urinary fistula, surgical repair.",
        "Functional incontinence, bladder suspension."
      ],
      "correct": 1
    },
    {
      "stem": "Which of the following factors predispose to genital prolapse:",
      "options": [
        "Repeated LSCS.",
        "Multiparity.",
        "PID.",
        "Endometriosis.",
        "Repeated candidiasis."
      ],
      "correct": 1
    },
    {
      "stem": "A 35-year-old woman has been placed on POP for 5 years. All the following are mechanism of action of POP EXCEPT:",
      "options": [
        "Suppression of ovulation.",
        "Thickening of the cervical mucus.",
        "Making the endometrium unsuitable for implantation.",
        "Inhibiting sperm motility.",
        "Stimulating regression of corpus luteum."
      ],
      "correct": 4
    },
    {
      "stem": "Operative laparoscopy is the best therapeutic approach for:",
      "options": [
        "Submucous myomectomy.",
        "Subserous myomectomy.",
        "Septate uterus.",
        "Transverse vaginal septum.",
        "Longitudinal vaginal septum."
      ],
      "correct": 1
    },
    {
      "stem": "A 35-year-old multipara discovered accidently that she has an intramural myoma 3cm. Proper management is:",
      "options": [
        "Total abdominal hysterectomy with bilateral salpingo-oophorectomy.",
        "Total abdominal hysterectomy with ovarian preservation.",
        "Conservative management.",
        "Myomectomy.",
        "Uterine artery embolization."
      ],
      "correct": 2
    },
    {
      "stem": "Combined oral contraceptive pills may be associated with:",
      "options": [
        "Dysmenorrhea.",
        "Menorrhagia.",
        "Polymenorrhea.",
        "Ovarian cyst.",
        "Intermenstrual bleeding."
      ],
      "correct": 4
    },
    {
      "stem": "All the following are causes of vaginal prolapse EXCEPT:",
      "options": [
        "Congenital weakness of the ligaments.",
        "Post-menopausal weakness of the ligaments.",
        "Spina bifida.",
        "Repeated vaginal deliveries.",
        "Retroversion of the uterus."
      ],
      "correct": 4
    },
    {
      "stem": "Select the correct statement regarding cystocele:",
      "options": [
        "Is a descent of the posterior vaginal wall.",
        "Is mainly due to defective pelvic innervation.",
        "Should be associated with uterine descent.",
        "Can be differentiated from rectocele by ultrasound examination.",
        "Commonly causes urinary symptoms."
      ],
      "correct": 4
    },
    {
      "stem": "A 35 years old multipara has descent of anterior and posterior vaginal walls with cervix felt at level of ischial spines and showing elongation. She is best treated by:",
      "options": [
        "Manchester operation.",
        "Sacro-spinous fixation.",
        "Classical repair.",
        "Colpo-sacropexy.",
        "Vaginal hysterectomy."
      ],
      "correct": 0
    },
    {
      "stem": "Main presenting symptom/sign for adenomyosis:",
      "options": [
        "Menorrhagia/ tender uterus.",
        "Metrorrhagia/ irregular uterus.",
        "Dysmenorrhea/ irregular uterus.",
        "Contact bleeding/ tender uterus.",
        "Normal menses/bulky uterus."
      ],
      "correct": 0
    },
    {
      "stem": "Regarding intrauterine contraceptive device (IUCD):",
      "options": [
        "Should be inserted premenstrual.",
        "Some types are medicated with estrogen.",
        "Should be changed annually.",
        "Upward migration may occur at any time after insertion.",
        "Mainly act through inducing inflammatory uterine reaction."
      ],
      "correct": 4
    },
    {
      "stem": "A 6 weeks pregnant woman presents with invisible IUD threads. Ultrasonography confirms a pulsating intra uterine pregnancy. The appropriate management is:",
      "options": [
        "Follow up.",
        "Induction of abortion.",
        "Hysteroscopic removal of the IUD.",
        "Antibiotics for the rest of pregnancy.",
        "Laparoscopic evaluation of the situation."
      ],
      "correct": 0
    },
    {
      "stem": "The benefit of levonorgestrel- IUS over copper IUD is:",
      "options": [
        "Less infection rates.",
        "Less bleeding with menses.",
        "Less risk of perforation.",
        "Less risk of occurrence of ectopic pregnancy.",
        "Less risk of expulsion."
      ],
      "correct": 1
    },
    {
      "stem": "The following contraceptive method is better avoided during lactation:",
      "options": [
        "Vaginal ring.",
        "Subdermal implants.",
        "Progesterone only pills.",
        "Levonorgestrel intrauterine delivery system (Mirena) IUD.",
        "Copper IUD."
      ],
      "correct": 0
    },
    {
      "stem": "A 24-year-old lady complains of menorrhagia of 6 months duration. Her examination and ultrasound are normal. First line of treatment will be:",
      "options": [
        "Follow up and reassurance.",
        "Combined oral contraceptive pills.",
        "GnRH analogues.",
        "Tranexamic acid.",
        "Hysterectomy."
      ],
      "correct": 3
    },
    {
      "stem": "Non contraceptive benefits of COCPs include all the following EXCEPT:",
      "options": [
        "Can be used to delay menstruation.",
        "Treatment of dysfunctional uterine bleeding.",
        "Treatment of 2ry dysmenorrhea.",
        "Less risk of non-neoplastic ovarian functional cysts.",
        "Less risk of PID."
      ],
      "correct": 2
    },
    {
      "stem": "Contraceptive method which is not be used by a patient with coronary heart disease:",
      "options": [
        "Combined oral contraceptive pills.",
        "Male condom.",
        "Female condom.",
        "Diaphragm.",
        "Spermicidal agent."
      ],
      "correct": 0
    },
    {
      "stem": "A 20-year-old NG presents with complete extrusion of the uterus. Best treatment:",
      "options": [
        "Pessary treatment.",
        "Classical repair.",
        "Manchester operation.",
        "Abdominal sacro-colpopexy.",
        "Vaginal hysterectomy."
      ],
      "correct": 3
    },
    {
      "stem": "A 50-year patient had undergone a vaginal hysterectomy 3months ago for a complete uterine prolapse. Since the operation she complains of continuous urine leakage and does not feel bladder filling. Cause for this incontinence:",
      "options": [
        "Severe cystitis following surgery.",
        "Untreated stress incontinence.",
        "Detrusor instability following surgical manipulations.",
        "Vesico-vaginal fistula.",
        "Uretro-vaginal fistula."
      ],
      "correct": 3
    },
    {
      "stem": "What is the most common presentation of interstitial cervical fibroid?",
      "options": [
        "Menorrhagia.",
        "Metrorrhagia.",
        "Contact bleeding.",
        "Pelvic pressure symptoms.",
        "Excess cervical discharge."
      ],
      "correct": 3
    },
    {
      "stem": "Choose the correct statement regarding treatment of endometriosis:",
      "options": [
        "Continuous OCP could be used for 6 months to induce pseudo-pregnancy.",
        "Danazol is the treatment of choice for 1 to 2 years.",
        "Gn RH agonists can cause disease progression.",
        "Expectant management is indicated in cases with large endometrioma.",
        "Surgical excision should be offered in all cases."
      ],
      "correct": 0
    },
    {
      "stem": "A 60 years old woman complains of urine loss with coughing and sneezing, a diagnosis of stress urinary incontinence is made. The first line of treatment is:",
      "options": [
        "Bladder training.",
        "Desmopressin.",
        "Oxybutynin.",
        "Systemic hormone replacement therapy.",
        "Pelvic floor muscle training."
      ],
      "correct": 4
    },
    {
      "stem": "A 35-year-old female complains of menorrhagia for one-year, bimanual examination shows asymmetrical uterus 16 weeks size. The most probable diagnosis:",
      "options": [
        "Adenomyosis.",
        "Fibroid uterus.",
        "Molar pregnancy.",
        "Endometrial carcinoma.",
        "Ovarian mass."
      ],
      "correct": 1
    },
    {
      "stem": "A 30 years old woman pregnant in her 10th weeks is complaining of severe pelvic pain and sudden abdominal enlargement. Ultrasound done a month ago, showed normal intrauterine pregnancy and a 5cm interstitial fundal myoma. Most probable diagnosis is:",
      "options": [
        "Cystic degeneration of myoma.",
        "Impaction of the myoma in the pelvic cavity.",
        "Red degeneration in the myoma.",
        "Malignant change in the myoma.",
        "Coincidental pain not related to myoma."
      ],
      "correct": 2
    },
    {
      "stem": "A 40-year-old G3P3 complains of involuntary dribbling when she coughs or sneezes 6 months after her last vaginal delivery. She has no dysuria or frequency. The first investigation needed for this patient is:",
      "options": [
        "Cystometry.",
        "Urine analysis.",
        "Cystoscopy.",
        "IVP.",
        "Urodynamics."
      ],
      "correct": 4
    },
    {
      "stem": "Based on her history and presentation, the most likely diagnosis is:",
      "options": [
        "Stress urinary incontinence.",
        "Urinary tract infection.",
        "Urge incontinence.",
        "Vesicovaginal fistula.",
        "Mixed incontinence."
      ],
      "correct": 0
    },
    {
      "stem": "As next step in management, your recommendation to the patient is:",
      "options": [
        "Instruct her to start performing Kegel exercise.",
        "Tell her to hold her urine for 6 hours to enlarge her bladder capacity.",
        "Instruct her to moderate her daily fluid intake.",
        "Start medical treatment.",
        "Schedule surgical treatment."
      ],
      "correct": 0
    },
    {
      "stem": "This patient returns to your office 6 months later, with recurrence of the same symptoms, after partial improvement. Best next step in management:",
      "options": [
        "Prescribe oxybutynin.",
        "Prescribe estrogen therapy.",
        "Schedule a mid-urethral sling operation.",
        "Periurethral collagen injection.",
        "Schedule a voiding cystourethrogram."
      ],
      "correct": 2
    },
    {
      "stem": "If this patient developed later inability to hold urine and start leaking before reaching WC. Your management would be:",
      "options": [
        "Bursh colposuspension operation.",
        "Anterior coloporrhaphy.",
        "Anticholinergic medication.",
        "Sympathomimetic drugs.",
        "Bladder training exercises."
      ],
      "correct": 2
    },
    {
      "stem": "Regarding red degeneration in fibroids, all are true EXCEPT:",
      "options": [
        "Common during pregnancy.",
        "Causes acute abdominal pain.",
        "Surgery is the first line of treatment.",
        "Caused by ischemic necrosis.",
        "Can occur in postmenopausal women on HRT."
      ],
      "correct": 2
    },
    {
      "stem": "A 53-year-old woman is diagnosed with anovulatory DUB. Best medical therapy:",
      "options": [
        "Oral estrogen for the first 25days of the cycle.",
        "Vaginal estrogen cream 2-3times per week.",
        "Oral progesterone 5-10mg daily for 10days each month.",
        "Estrogen 20mg administered IV.",
        "Endometrial ablation."
      ],
      "correct": 2
    },
    {
      "stem": "A 42-year-old P5 complains of heavy menstrual bleeding and anemia. US shows multiple fibroids around 3cm. She has some pressure symptoms. First ttt option:",
      "options": [
        "Tranexamic acid and mefenamic acid.",
        "UAE.",
        "Myomectomy.",
        "Hysterectomy.",
        "LNG-IUS."
      ],
      "correct": 1
    },
    {
      "stem": "The benefit of UAE in treatment of fibroid uterus is:",
      "options": [
        "Shorter hospital stay.",
        "Decreased likelihood of surgery.",
        "Improved quality of life.",
        "Better fertility outcome.",
        "Better satisfaction rate."
      ],
      "correct": 0
    },
    {
      "stem": "A 24-year-old NG complains of worsening dysmenorrhea for the last 6months after stopping her OCPs. She also complains of deep dyspareunia. You suspect that she may also have endometriosis. You should counsel her about the potential results of endometriosis as:",
      "options": [
        "PID.",
        "AUB.",
        "Hirsutism.",
        "Infertility.",
        "Endometrial cancer."
      ],
      "correct": 3
    },
    {
      "stem": "A 17-year-old consults you for evaluation of disabling pain with her menstrual periods. The pain has been present since menarche, and is accompanied by nausea and headache. Her medical history is otherwise unremarkable, and pelvic examination is normal. She is not currently sexually active, and she has not tried any therapy for her dysmenorrhea.",
      "options": [
        "Acupuncture.",
        "Prostaglandin inhibitors.",
        "Gonadotropin-releasing hormone (GnRH) analogues.",
        "Oral contraceptives.",
        "Narcotic analgesic."
      ],
      "correct": 1
    },
    {
      "stem": "A 19-year-old college student is seen for severe primary dysmenorrhea. She has no medical problems and a normal pelvic examination. She has recently become sexually active and doesn't currently desire pregnancy.",
      "options": [
        "Acupuncture.",
        "Prostaglandin inhibitors.",
        "Gonadotropin-releasing hormone (GnRH) analogues.",
        "Oral contraceptives.",
        "Narcotic analgesic."
      ],
      "correct": 3
    },
    {
      "stem": "A 24-year-old lady just delivered, without complications, 2 months ago. She is bottle feeding and seeking contraception. She gives history of irregular menses. Her medical, surgical and family histories are irrelevant.",
      "options": [
        "COCPs.",
        "POPs.",
        "Copper IUD",
        "LNG-IUS.",
        "Safe period.",
        "Vaginal diaphragm."
      ],
      "correct": 0
    },
    {
      "stem": "A 43-year-old lady, with heavy menstrual bleeding, is seeking contraception. Her medical, surgical and family histories are irrelevant. She is not compliant for regular forms of contraception.",
      "options": [
        "COCPs.",
        "POPs.",
        "Copper IUD",
        "LNG-IUS.",
        "Safe period.",
        "Vaginal diaphragm."
      ],
      "correct": 3
    },
    {
      "stem": "A 35-year-old lady, just delivered her first baby 6 weeks ago, is requesting contraception for short term duration. She is breast feeding, with irrelevant medical, surgical and family histories.",
      "options": [
        "COCPs.",
        "POPs.",
        "Copper IUD",
        "LNG-IUS.",
        "Safe period.",
        "Vaginal diaphragm."
      ],
      "correct": 1
    },
    {
      "stem": "A 40-year-old hypertensive multiparous lady is requesting contraception. She has regular menses with irrelevant surgical and family histories.",
      "options": [
        "COCPs.",
        "POPs.",
        "Copper IUD",
        "LNG-IUS.",
        "Safe period.",
        "Vaginal diaphragm."
      ],
      "correct": 2
    },
    {
      "stem": "A 30-year-old woman with history of prolonged menstruation developed DVT on COCPs. She came asking about another method of contraception to be used for just one-year duration.",
      "options": [
        "COCPs.",
        "POPs.",
        "Copper IUD",
        "LNG-IUS.",
        "Safe period.",
        "Vaginal diaphragm."
      ],
      "correct": 1
    },
    {
      "stem": "A 49-year-old woman complains that \"her organs are progressively falling out of her vagina\", with losing urine on coughing, and feeling incomplete emptying of her bladder with voiding.",
      "options": [
        "Cystocele.",
        "Rectocele.",
        "Enterocele.",
        "Complete uterine prolapse.",
        "UTI."
      ],
      "correct": 0
    },
    {
      "stem": "A 56-year-old woman complains that she is \"sitting on a ball\". She says constipation is a significant problem. Sometimes she needs to press in her vagina to allow stool to come out of the rectum.",
      "options": [
        "Cystocele.",
        "Rectocele.",
        "Enterocele.",
        "Complete uterine prolapse.",
        "UTI."
      ],
      "correct": 1
    },
    {
      "stem": "A 68-year-old woman complains of something falling out of her vagina. She feels constant backache. 4yrs ago, she had abdominal hysterectomy & Burch operation. Her ability to hold urine is excellent now.",
      "options": [
        "Cystocele.",
        "Rectocele.",
        "Enterocele.",
        "Complete uterine prolapse.",
        "UTI."
      ],
      "correct": 2
    },
    {
      "stem": "Laparoscopy is the gold standard for diagnosis and treatment of uterine adenomyosis.",
      "options": [
        "True",
        "False"
      ],
      "correct": 1
    },
    {
      "stem": "Important causes of dyspareunia include endometriosis and chronic salpingitis.",
      "options": [
        "True",
        "False"
      ],
      "correct": 0
    },
    {
      "stem": "The risk of postoperative thrombo-embolism increases with age, obesity, prolonged bed rest and use of combined oral contraceptive pills.",
      "options": [
        "True",
        "False"
      ],
      "correct": 0
    },
    {
      "stem": "Drugs used in treatment of detrusor over activity are para-sympathomimetics.",
      "options": [
        "True",
        "False"
      ],
      "correct": 1
    },
    {
      "stem": "One of the non-contraceptive uses of COPs is the delay menses.",
      "options": [
        "True",
        "False"
      ],
      "correct": 0
    },
    {
      "stem": "The first investigation needed to screen a postmenopausal bleeding case is hysteroscopy.",
      "options": [
        "True",
        "False"
      ],
      "correct": 1
    },
    {
      "stem": "Most common side effect of copper IUD is heavy menstrual flow.",
      "options": [
        "True",
        "False"
      ],
      "correct": 0
    }
  ]
}
